{"0.0001": {"losses": [2.062953711317751, 1.8068765264730484, 1.641987127617906, 1.5259087264728242, 1.417876746707831], "train_accs": [23.84, 33.74, 40.0225, 45.2525, 48.2875], "val_accs": [23.47, 33.75, 39.85, 45.9, 47.87], "gradient_pred": [0.6777324903374299, null, 0.6263553047409425, null, 0.671271105702871], "gradient_var": [5.492213972502213e-07, null, 2.097429842251586e-06, null, 4.326291218603728e-06]}, "0.0005": {"losses": [2.043900172169597, 1.818588355478768, 1.5890477343489187, 1.4235272677942588, 1.2759774462483562], "train_accs": [22.745, 32.5975, 41.9675, 51.1275, 57.2525], "val_accs": [22.11, 32.38, 41.67, 50.84, 56.79], "gradient_pred": [0.4199250938418584, null, 0.4871643349910394, null, 0.40241486283066946], "gradient_var": [2.41368724118729e-07, null, 1.0621303090374568e-06, null, 1.458633050788194e-06]}, "0.001": {"losses": [2.303276566270822, 2.3030271255931916, 2.302813872742577, 2.3028833713775243, 2.3027730567005875], "train_accs": [10.1025, 10.1425, 9.8775, 10.0575, 10.02], "val_accs": [9.59, 9.43, 10.49, 9.77, 9.92], "gradient_pred": [0.05468590131166797, null, 0.04327258292752772, null, 0.04994073300025402], "gradient_var": [1.1614897932332724e-09, null, 9.789546950855765e-10, null, 8.844385779305242e-10]}, "0.002": {"losses": [2.316609848040742, 2.3030530454251714, 2.3029369729014633, 2.302861375930591, 2.3028463327084867], "train_accs": [10.1425, 10.0575, 10.1425, 9.9175, 10.1425], "val_accs": [9.43, 9.77, 9.43, 10.33, 9.43], "gradient_pred": [0.03881635709041849, null, 0.05459663659955064, null, 0.05486903497232841], "gradient_var": [1.117026360297757e-09, null, 9.33685906367998e-10, null, 8.241587967638964e-10]}}