{"0.0001": {"losses": [1.5479826424449397, 1.1793236543957037, 1.0248733336171403, 0.920251045935451, 0.8323471150078332], "train_accs": [52.6975, 59.3775, 64.98, 69.2225, 70.5575], "val_accs": [52.26, 58.38, 63.68, 67.76, 68.18], "gradient_pred": [0.04610005361983218, null, 0.26925977583353716, null, 0.08050195121755585], "gradient_var": [7.292328064067988e-06, null, 6.838413810328348e-06, null, 6.8594581534853205e-06]}, "0.0005": {"losses": [1.4526860386418838, 1.012650992542791, 0.8360716312076337, 0.7294779656984555, 0.6600386298502596], "train_accs": [55.8625, 65.715, 72.905, 76.51, 77.2575], "val_accs": [56.06, 64.86, 70.99, 74.63, 74.7], "gradient_pred": [0.3101910265305868, null, 0.09242977699838005, null, 0.17565383442128316], "gradient_var": [2.461219537508441e-06, null, 2.0125437458773376e-06, null, 2.0457207483559614e-06]}, "0.001": {"losses": [1.4756426420836404, 1.0362960690507492, 0.8645935704152043, 0.748518775065486, 0.6836083750374401], "train_accs": [53.9025, 66.5875, 69.2025, 71.7575, 75.6725], "val_accs": [53.58, 66.25, 68.36, 70.91, 74.26], "gradient_pred": [0.17031895237950942, null, 0.3121989070294568, null, 0.35845241407887674], "gradient_var": [1.4563673857992399e-06, null, 1.588242298566911e-06, null, 1.5734991620774963e-06]}, "0.002": {"losses": [1.562558716097579, 1.1535546035050583, 0.9726566192441093, 0.8562531865442904, 0.7745683895894133], "train_accs": [51.715, 59.58, 57.1725, 69.1925, 71.68], "val_accs": [50.79, 58.35, 56.64, 67.97, 69.92], "gradient_pred": [0.3311513808484261, null, 0.4928588430182292, null, 0.3034336186515597], "gradient_var": [5.563972536037909e-07, null, 3.963107246818254e-07, null, 5.201998192205792e-07]}}